{
  "description": {
    "precision": 1.0,
    "recall": 0.6666666666666666,
    "f1-score": 0.8,
    "support": 3
  },
  "place": {
    "precision": 1.0,
    "recall": 1.0,
    "f1-score": 1.0,
    "support": 8
  },
  "type": {
    "precision": 1.0,
    "recall": 1.0,
    "f1-score": 1.0,
    "support": 5
  },
  "object_type": {
    "precision": 1.0,
    "recall": 1.0,
    "f1-score": 1.0,
    "support": 16
  },
  "category": {
    "precision": 1.0,
    "recall": 1.0,
    "f1-score": 1.0,
    "support": 2
  },
  "mention": {
    "precision": 0.8461538461538461,
    "recall": 0.9166666666666666,
    "f1-score": 0.8799999999999999,
    "support": 12
  },
  "attribute": {
    "precision": 0.9375,
    "recall": 1.0,
    "f1-score": 0.967741935483871,
    "support": 15
  },
  "micro avg": {
    "precision": 0.9516129032258065,
    "recall": 0.9672131147540983,
    "f1-score": 0.959349593495935,
    "support": 61
  },
  "macro avg": {
    "precision": 0.9690934065934066,
    "recall": 0.9404761904761905,
    "f1-score": 0.9496774193548386,
    "support": 61
  },
  "weighted avg": {
    "precision": 0.9543663303909206,
    "recall": 0.9672131147540983,
    "f1-score": 0.9586250661025911,
    "support": 61
  }
}